Keyword;Search Volume;CPC;Competition;Keyword Difficulty Index;Number of Results
psycholoog amsterdam;1900;2.65;0.72;36;107
psycholoog rotterdam;1900;0;0;21;107
psycholoog utrecht;1600;2.16;0.24;32;110
psycholoog den haag;1000;1.69;0.63;25;104
psycholoog eindhoven;590;1.8;0.53;38;107
psycholoog tilburg;1000;0;0;38;108
psycholoog breda;1000;1.75;0.47;30;107
psycholoog groningen;1000;1.4;0.56;26;110
psycholoog nijmegen;1000;1.91;0.55;27;106
psycholoog haarlem;70;0;0;23;69
psycholoog almere;480;0;0;24;108
psycholoog zwolle;390;1.21;0.44;24;106
psycholoog arnhem;320;1.5;0.57;31;109
psycholoog enschede;110;0;0;22;64
psycholoog amersfoort;480;0;0;19;107
psycholoog apeldoorn;590;1.02;0.47;13;101
psycholoog zoetermeer;480;0;0;23;104
psycholoog maastricht;40;0;0;0;0
psycholoog dordrecht;320;0;0;14;104
psycholoog leiden;320;1.27;0.53;39;105
psycholoog den bosch;260;1.58;0.46;15;107
psycholoog helmond;390;0;0;25;105
psycholoog venlo;50;0;0;27;107
psycholoog deventer;260;0;0;14;107
psycholoog leeuwarden;320;1.02;0.41;31;107
psycholoog alkmaar;90;0;0;19;108
psycholoog heerlen;140;1.09;0.39;6;107
psycholoog delft;390;0;0;23;103
psycholoog hilversum;480;1.58;0.57;14;106
psycholoog amstelveen;140;0;0;32;107
relatietherapie amsterdam;1000;2.46;0.75;36;106
emdr amsterdam;140;0;0;7;111
kinderpsycholoog amsterdam;110;1.21;0.56;29;105
online psycholoog;1600;0;0;55;110
psycholoog in de buurt;210;1.24;0.61;45;2080000
emdr;12100;0.37;0.21;34;74
relatietherapie;6600;1.01;0.68;34;124
psycholoog;4400;1.51;0.32;43;138
gz psycholoog;3600;0.42;0.13;31;73
klinisch psycholoog;2900;0;0;22;128
psychotherapeut;1900;0;0.17;23;126
kinderpsycholoog;1600;0.9;0.22;17;112
